{
    "x_dummy": 0.0,
    "v_A1_a_r": 199.9995164191952,
    "v_A1_a_i": -115.47040368609885,
    "v_A1_b_r": -200.00001455778178,
    "v_A1_b_i": -115.46962312753999,
    "v_A1_c_r": 0.00038109481668408457,
    "v_A1_c_i": 230.93990472564647,
    "v_A1_n_r": 6.816449149509775e-12,
    "v_A1_n_i": 1.7060132432919187e-11,
    "v_A2_a_r": 199.99951641919483,
    "v_A2_a_i": -115.47040368609862,
    "v_A2_b_r": -200.00001455778212,
    "v_A2_b_i": -115.4696231275398,
    "v_A2_c_r": 0.0003810948163096904,
    "v_A2_c_i": 230.9399047256467,
    "v_A2_n_r": 6.426886949447235e-12,
    "v_A2_n_i": 1.725430916412917e-11,
    "v_A3_a_r": 199.9995164191948,
    "v_A3_a_i": -115.47040368609835,
    "v_A3_b_r": -200.00001455778215,
    "v_A3_b_i": -115.46962312753952,
    "v_A3_c_r": 0.0003810948162979881,
    "v_A3_c_i": 230.93990472564698,
    "v_A3_n_r": 6.393207001058739e-12,
    "v_A3_n_i": 1.7526107009621362e-11,
    "v_D2_a_r": 799.9998344103806,
    "v_D2_a_i": 0.0,
    "v_D2_b_r": -7.142551039357368e-09,
    "v_D2_b_i": -1.237126129582086e-08,
    "v_D2_c_r": -7.1425510393573774e-09,
    "v_D2_c_i": 1.2371261295820856e-08,
    "v_D2_n_r": 0.000165604221619538,
    "v_D2_n_i": 8.107606751113509e-37,
    "v_D3_a_r": 799.999751615571,
    "v_D3_a_i": 0.0,
    "v_D3_b_r": -2.0406705635145763e-13,
    "v_D3_b_i": -3.5345450975174593e-13,
    "v_D3_c_r": -2.040670563514579e-13,
    "v_D3_c_i": 3.5345450975174583e-13,
    "v_D3_n_r": 0.0002483990312998881,
    "v_D3_n_i": 8.107606751113512e-37,
    "v_D1_n_r": 1.460225883782714e-08,
    "v_D1_n_i": 8.105308896041488e-37,
    "i_l_D1_D2_a_r": 0.014602259187966628,
    "i_l_D1_D2_a_i": 0.0,
    "i_l_D1_D2_b_r": -7.1427551064137206e-06,
    "i_l_D1_D2_b_i": -1.2371614750330613e-05,
    "i_l_D1_D2_c_r": -7.14275510641373e-06,
    "i_l_D1_D2_c_i": 1.237161475033061e-05,
    "i_l_D1_D2_n_r": -0.014587973677753802,
    "i_l_D1_D2_n_i": 3.3880800902288717e-21,
    "i_load_A1_a_r": 0.0,
    "i_load_A1_a_i": 0.0,
    "i_load_A1_b_r": 0.0,
    "i_load_A1_b_i": 0.0,
    "i_load_A1_c_r": 0.0,
    "i_load_A1_c_i": 0.0,
    "i_load_A1_n_r": 0.0,
    "i_load_A1_n_i": 0.0,
    "i_load_A2_a_r": 0.0,
    "i_load_A2_a_i": 0.0,
    "i_load_A2_b_r": 0.0,
    "i_load_A2_b_i": 0.0,
    "i_load_A2_c_r": 0.0,
    "i_load_A2_c_i": 0.0,
    "i_load_A2_n_r": 0.0,
    "i_load_A2_n_i": 0.0,
    "i_load_A3_a_r": 0.0,
    "i_load_A3_a_i": 0.0,
    "i_load_A3_b_r": 0.0,
    "i_load_A3_b_i": 0.0,
    "i_load_A3_c_r": 0.0,
    "i_load_A3_c_i": 0.0,
    "i_load_A3_n_r": 0.0,
    "i_load_A3_n_i": 0.0,
    "i_load_D2_a_r": 0.0,
    "i_load_D2_a_i": 0.0,
    "i_load_D2_b_r": -6.212384204373964e-35,
    "i_load_D2_b_i": -2.0263272240033969e-38,
    "i_load_D2_c_r": 0.0,
    "i_load_D2_c_i": 0.0,
    "i_load_D2_n_r": 6.212384204373964e-35,
    "i_load_D2_n_i": 2.0263272240033969e-38,
    "i_load_D3_a_r": 0.0,
    "i_load_D3_a_i": 0.0,
    "i_load_D3_b_r": 0.0,
    "i_load_D3_b_i": 0.0,
    "i_load_D3_c_r": 0.0,
    "i_load_D3_c_i": 0.0,
    "i_load_D3_n_r": 0.0,
    "i_load_D3_n_i": 0.0,
    "p_a_d_A1": -3.8939356900872375,
    "p_b_d_A1": -3.8939356900872375,
    "p_c_d_A1": -3.8939356900872375,
    "p_n_d_A1": -3.267722907650674e-14,
    "i_vsc_A1_a_r": -0.03685800098961603,
    "i_vsc_A1_a_i": 0.021280092719893656,
    "i_vsc_A1_b_r": 0.025729447827274484,
    "i_vsc_A1_b_i": 0.01485484713820901,
    "i_vsc_A1_c_r": -4.913119140241352e-08,
    "i_vsc_A1_c_i": -0.02977304431270249,
    "i_vsc_A1_n_r": 0.01112860229353295,
    "i_vsc_A1_n_i": -0.006361895545400174,
    "i_dc_D1": 0.014602258837827141,
    "p_vsc_D1": -11.681807070261714,
    "i_vsc_A3_a_r": 0.0,
    "i_vsc_A3_a_i": 0.0,
    "i_vsc_A3_b_r": 0.0,
    "i_vsc_A3_b_i": 0.0,
    "i_vsc_A3_c_r": 0.0,
    "i_vsc_A3_c_i": 0.0,
    "i_vsc_A3_n_r": 0.0,
    "i_vsc_A3_n_i": 0.0,
    "i_vsc_D3_a_r": -0.014602259202518546,
    "i_vsc_D3_n_r": 0.014602259202883603,
    "p_vsc_D3": 11.681800108000004,
    "p_vsc_loss_A3": 11.681800108000004
}