{
    "xi_freq": 0.0,
    "V_A1_0_r": 11547.00363474977,
    "V_A1_0_i": -0.01740394748313704,
    "V_A1_1_r": -5773.516887760591,
    "V_A1_1_i": -9999.989784662223,
    "V_A1_2_r": -5773.486746989181,
    "V_A1_2_i": 10000.007188609703,
    "V_A2_0_r": 199.95987033464326,
    "V_A2_0_i": -115.51159350951983,
    "V_A2_1_r": -200.01590481577279,
    "V_A2_1_i": -115.41453526958038,
    "V_A2_2_r": 0.056028162048079005,
    "V_A2_2_i": 230.92612698079995,
    "V_A2_3_r": -1.8209514460177504e-12,
    "V_A2_3_i": 8.169957859142119e-12,
    "V_A3_0_r": 199.84471859612927,
    "V_A3_0_i": -115.5017586400078,
    "V_A3_1_r": -199.95617547101713,
    "V_A3_1_i": -115.3307497342488,
    "V_A3_2_r": 0.10508766177070251,
    "V_A3_2_i": 230.8435284433692,
    "V_A3_3_r": 0.0063628940348879025,
    "V_A3_3_i": -0.011021867405586609,
    "V_A4_0_r": 199.7583472749649,
    "V_A4_0_i": -115.49437879580209,
    "V_A4_1_r": -199.91137239547902,
    "V_A4_1_i": -115.26790792199563,
    "V_A4_2_r": 0.1418824464617652,
    "V_A4_2_i": 230.78157495824505,
    "V_A4_3_r": 0.011136354970490443,
    "V_A4_3_i": -0.019290038740437374,
    "V_D2_0_r": 399.99999873500485,
    "V_D2_0_i": -6.823509607653215e-33,
    "V_D2_1_r": -399.99999873500485,
    "V_D2_1_i": -2.1677291323513804e-34,
    "V_D3_0_r": 399.9733073367818,
    "V_D3_0_i": -6.823509607653215e-33,
    "V_D3_1_r": -399.9733073367818,
    "V_D3_1_i": -2.1677291323513804e-34,
    "V_D4_0_r": 399.9466159385586,
    "V_D4_0_i": -6.823509607653215e-33,
    "V_D4_1_r": -399.9466159385586,
    "V_D4_1_i": -2.1677291323513804e-34,
    "i_load_A2_a_r": -1.2499004749040095,
    "i_load_A2_a_i": 0.7220348530075186,
    "i_load_A2_b_r": 1.250250752700792,
    "i_load_A2_b_i": 0.7214281770558355,
    "i_load_A2_c_r": -0.0003502183940869652,
    "i_load_A2_c_i": -1.4434629726369885,
    "i_load_A2_n_r": -5.9402695573037527e-08,
    "i_load_A2_n_i": -5.742636564454607e-08,
    "i_load_A3_a_r": -1.2503930074035372,
    "i_load_A3_a_i": 0.7226280919545762,
    "i_load_A3_b_r": 1.2509310354719672,
    "i_load_A3_b_i": 0.7214202608663615,
    "i_load_A3_c_r": -0.0006174871269238081,
    "i_load_A3_c_i": -1.4439103406163285,
    "i_load_A3_n_r": 7.945905849375388e-05,
    "i_load_A3_n_i": -0.00013801220460906094,
    "i_load_A4_a_r": -3.7522879309192074,
    "i_load_A4_a_i": 2.169220685832236,
    "i_load_A4_b_r": 3.754324938411605,
    "i_load_A4_b_i": 2.164242350403187,
    "i_load_A4_c_r": -0.0024544472979537322,
    "i_load_A4_c_i": -4.332738003835774,
    "i_load_A4_n_r": 0.00041743980555621426,
    "i_load_A4_n_i": -0.0007250323996490154,
    "i_load_D2_p_r": 0.0,
    "i_load_D3_p_r": 0.0,
    "i_load_D4_p_r": 1.250166847459492,
    "p_a_d_A2": -337.3320470534818,
    "p_b_d_A2": -337.3320470534818,
    "p_c_d_A2": -337.3320470534818,
    "p_n_d_A2": -3.7922166516699165e-19,
    "i_vsc_A2_a_r": -1.2822773394011502,
    "i_vsc_A2_a_i": 0.7407381218416492,
    "i_vsc_A2_b_r": 1.2826366906612,
    "i_vsc_A2_b_i": 0.740115730840186,
    "i_vsc_A2_c_r": -0.0003592902951743191,
    "i_vsc_A2_c_i": -1.4808537937135333,
    "i_vsc_A2_n_r": -6.096487551311141e-08,
    "i_vsc_A2_n_i": -5.896830181920507e-08,
    "i_vsc_pos_D2_sp": 1.2649951764505567,
    "i_vsc_D2_sn": -1.2649951764505567,
    "v_og_D2": -5.1919688525103184e-27,
    "p_vsc_D2": -1011.9961411604454,
    "i_vsc_A4_a_r": 0.0,
    "i_vsc_A4_a_i": 0.0,
    "i_vsc_A4_b_r": 0.0,
    "i_vsc_A4_b_i": 0.0,
    "i_vsc_A4_c_r": 0.0,
    "i_vsc_A4_c_i": 0.0,
    "i_vsc_A4_n_r": 0.0,
    "i_vsc_A4_n_i": 0.0,
    "i_vsc_pos_D4_sp": 0.014828328991064833,
    "i_vsc_D4_sn": -0.014828328991064833,
    "p_vsc_D4": 11.861080000000001,
    "i_vsc_A1_a_r": 0.1740480372054565,
    "i_vsc_A1_b_r": -0.08708664696653626,
    "i_vsc_A1_c_r": -0.08696139023866443,
    "i_vsc_A1_a_i": -8.56237408608812e-05,
    "i_vsc_A1_b_i": -0.1506673080598744,
    "i_vsc_A1_c_i": 0.1507529318007637,
    "omega_coi": 1.0,
    "p_agc": 0.0
}