{"V_min": {"value": 209.65021249392498, "bus": "R15", "phase": "a", "t": 47522.0}, "V_max": {"value": 242.27306016820643, "bus": "R18", "phase": "b", "t": 88562.0}, "R": {"I_max": 724.6376811594203}, "I": {"I_max": 231.8840579710145}, "C": {"I_max": 434.7826086956522}, "I_max_pu": {"value_pu": 1.1607735097625278, "value": 504.68413467935994, "line": "C01", "phase": 0, "t": 79922.0}}