{"V_min": {"value": 212.53206878791053, "bus": "R15", "phase": "a", "t": 48962.0}, "V_max": {"value": 238.44253133372902, "bus": "R01", "phase": "c", "t": 48242.0}, "R": {"I_max": 724.6376811594203}, "I": {"I_max": 231.8840579710145}, "C": {"I_max": 434.7826086956522}, "I_max_pu": {"value_pu": 1.17026870767946, "value": 508.81248159976525, "line": "C01", "phase": 0, "t": 81362.0}}