{"V_min": {"value": 215.3493269426513, "bus": "R15", "phase": "a", "t": 47522.0}, "V_max": {"value": 238.23631758692736, "bus": "R01", "phase": "c", "t": 48242.0}, "R": {"I_max": 724.6376811594203}, "I": {"I_max": 231.8840579710145}, "C": {"I_max": 434.7826086956522}, "I_max_pu": {"value_pu": 1.0929512154224643, "value": 253.43796299651348, "line": "I01", "phase": 0, "t": 68402.0}}