Phase,Min Current (A),Max Current (A)
0,84.69564476227148,508.8124815997652
1,84.5860713758852,503.02826611463104
2,84.60154219481889,503.6829819863661
