Phase,Min Current (A),Max Current (A)
0,98.54967401082682,413.7914724549505
1,76.93237356188301,249.0848321561366
2,81.53170125469225,277.2622837702063
