Phase,Min Current (A),Max Current (A)
0,270.32809559151053,805.3267475189087
1,269.9097488278896,800.5014557846686
2,269.3090658643686,793.9081067438229
