Phase,Min Current (A),Max Current (A)
0,205.34652472521825,573.1821172106261
1,170.37144570548318,446.9409972686278
2,170.36784953070753,446.9139545400099
