Phase,Min Current (A),Max Current (A)
0,258.30997699212134,785.1397949756284
1,131.5300924544814,376.7544274261382
2,131.52554814484358,376.7323194174743
