Phase,Min Current (A),Max Current (A)
0,426.91913717376,817.1553360230168
1,131.5311378891402,376.7556163956505
2,131.5239752646819,376.72924890630145
