{"V_min": {"value": 207.21216826381317, "bus": "R15", "phase": "a", "t": 48962.0}, "V_max": {"value": 233.78793588791495, "bus": "R01", "phase": "c", "t": 48962.0}, "R": {"I_max": 724.6376811594203}, "I": {"I_max": 231.8840579710145}, "C": {"I_max": 434.7826086956522}, "I_max_pu": {"value_pu": 1.1982631255378744, "value": 520.9839676251628, "line": "C01", "phase": 0, "t": 82802.0}}