{"V_min": {"value": 219.3524902745178, "bus": "R15", "phase": "a", "t": 92162.0}, "V_max": {"value": 234.72001416924167, "bus": "R01", "phase": "a", "t": 34562.0}, "R": {"I_max": 724.6376811594203}, "I": {"I_max": 231.8840579710145}, "C": {"I_max": 434.7826086956522}, "I_max_pu": {"value_pu": 0.8514189081553498, "value": 197.430471456313, "line": "I01", "phase": 0, "t": 63362.0}}