{"V_min": {"value": 224.5287473306971, "bus": "R18", "phase": "a", "t": 84962.0}, "V_max": {"value": 233.62454395835593, "bus": "R01", "phase": "a", "t": 41762.0}, "R": {"I_max": 724.6376811594203}, "I": {"I_max": 231.8840579710145}, "C": {"I_max": 434.7826086956522}, "I_max_pu": {"value_pu": 0.9295473711378837, "value": 673.585051549191, "line": "R01", "phase": 2, "t": 84962.0}}