{"V_min": {"value": 221.21745596373896, "bus": "R18", "phase": "a", "t": 84962.0}, "V_max": {"value": 233.3766508282142, "bus": "R01", "phase": "a", "t": 41762.0}, "R": {"I_max": 724.6376811594203}, "I": {"I_max": 231.8840579710145}, "C": {"I_max": 434.7826086956522}, "I_max_pu": {"value_pu": 0.9682205861735814, "value": 701.6091204156387, "line": "R01", "phase": 2, "t": 84962.0}}