{"V_min": {"value": 224.87887973274778, "bus": "R18", "phase": "a", "t": 84962.0}, "V_max": {"value": 234.58007470224575, "bus": "R01", "phase": "a", "t": 27362.0}, "R": {"I_max": 724.6376811594203}, "I": {"I_max": 231.8840579710145}, "C": {"I_max": 434.7826086956522}, "I_max_pu": {"value_pu": 0.7257751930509603, "value": 525.9240529354785, "line": "R01", "phase": 2, "t": 84962.0}}