Phase,Min Current (A),Max Current (A)
0,283.6191198400523,712.1601243747582
1,286.5866571706118,715.1134753212914
2,295.4067813971287,729.5279315616174
