Phase,Min Current (A),Max Current (A)
0,256.18537459657193,642.4286557980731
1,190.34721006634746,432.2732003144667
2,203.54255597013653,461.3266902349041
