Phase,Min Current (A),Max Current (A)
0,258.3075818071542,785.1252956310459
1,131.529099844596,376.749115464231
2,131.52459307551865,376.7270805754849
