Phase,Min Current (A),Max Current (A)
0,37.25906637351107,168.7944140883969
1,36.36482191414893,169.4332708169819
2,34.48520226190057,174.69191788469854
