Phase,Min Current (A),Max Current (A)
0,25.851165286188508,253.43796299651345
1,25.85055813447009,251.77932656929048
2,25.828770660843556,248.85440341736103
