Phase,Min Current (A),Max Current (A)
0,42.45961028642845,227.30502971880645
1,42.4268519482601,226.14190531132525
2,42.35870933840592,223.84261161458957
