Phase,Min Current (A),Max Current (A)
0,107.82193140776266,438.05432681942534
1,110.95061118311597,439.0715851690001
2,111.2910860020557,441.3560714245676
