Phase,Min Current (A),Max Current (A)
0,133.20144680669412,461.326993681207
1,72.91233752853604,388.30233635308105
2,72.90881033773962,388.2745570718109
