Phase,Min Current (A),Max Current (A)
0,29.97987261472524,163.94983831116343
1,15.261163013308616,65.20103382753923
2,15.154448747423478,65.1035999168778
