Phase,Min Current (A),Max Current (A)
0,165.83674592145098,405.2109598648126
1,168.20452908538573,380.2953927873663
2,177.09526620321404,429.7590371398285
