Phase,Min Current (A),Max Current (A)
0,162.67090500032188,415.95556695328025
1,165.9697123161476,420.1436705711392
2,166.34438666157848,422.5143520777679
