Phase,Min Current (A),Max Current (A)
0,342.8220990627038,717.790217615055
1,345.5196991686188,720.807421534599
2,354.0018803738855,735.1960319040849
