Phase,Min Current (A),Max Current (A)
0,38.44359897977821,212.7672846197595
1,1.1368683772161603e-13,2.990633774508275e-12
2,5.684341886080802e-14,3.7365631282102174e-12
