Phase,Min Current (A),Max Current (A)
0,234.71949580060217,489.88100720875
1,41.57290018511874,235.2970614543365
2,41.570843699166275,235.28226532294534
