Phase,Min Current (A),Max Current (A)
0,84.69564476226896,508.81248159977434
1,84.58607137590126,503.0282661146217
2,84.60154219482692,503.6829819863741
