Phase,Min Current (A),Max Current (A)
0,80.77562573692066,504.68413467935994
1,41.57222324504539,235.29347276579065
2,41.57129411018528,235.28135246251585
