Phase,Min Current (A),Max Current (A)
0,80.7759869307836,504.6934205640352
1,41.57239520597047,235.2963362025272
2,41.57146443513851,235.28413894634497
