Phase,Min Current (A),Max Current (A)
0,338.9204694798093,702.1730033898623
1,306.13680783859286,597.995754867315
2,324.8496587276428,640.9052148680175
