Phase,Min Current (A),Max Current (A)
0,42.459610286375685,227.3050297188175
1,42.42685194820847,226.14190531133306
2,42.358709338352845,223.84261161459818
