Phase,Min Current (A),Max Current (A)
0,270.32809559152224,805.3267475189247
1,269.90974882790493,800.5014557846504
2,269.3090658643481,793.9081067438123
