Phase,Min Current (A),Max Current (A)
0,27.952888170903123,182.11674863926189
1,2.779239024334072,167.22529704927206
2,1.7113272651800542,187.8275635888837
